episode,return,steps,duration,epsilon,mean_loss,occupancy_end
0,-1.0,1,0,0.999,0.0,0.0
1,-1.0,1,0,0.998001,0.0,0.0
2,-1.0,1,0,0.997002999,0.0,0.0
3,-1.0,1,0,0.996005996001,0.0,0.0
4,-1.0,1,0,0.995009990004999,0.0,0.0
5,-1.0,1,0,0.994014980014994,0.0,0.0
6,0.0,2,1,0.993020965034979,0.0,0.018310546875
7,-1.0,1,0,0.9920279440699441,0.0,0.0
8,-1.0,1,0,0.9910359161258742,0.0,0.0
9,-1.0,1,0,0.9900448802097482,0.0,0.0
10,0.0,2,1,0.9890548353295385,0.0,0.0009765625
11,0.0,2,1,0.988065780494209,0.0,0.00244140625
12,-1.0,1,0,0.9870777147137147,0.0,0.0
13,-1.0,1,0,0.986090636999001,0.0,0.0
14,-1.0,1,0,0.9851045463620021,0.0,0.0
15,-1.0,1,0,0.98411944181564,0.0,0.0
16,0.0,2,1,0.9831353223738244,0.0,0.0
17,0.0,2,1,0.9821521870514506,0.0,0.00439453125
18,-1.0,1,0,0.9811700348643991,0.0,0.0
19,0.0,2,1,0.9801888648295347,0.0,0.008544921875
20,-1.0,1,0,0.9792086759647052,0.0,0.0
21,-1.0,1,0,0.9782294672887405,0.0,0.0
22,-1.0,1,0,0.9772512378214517,0.0,0.0
23,-1.0,1,0,0.9762739865836303,0.0,0.0
24,-1.0,1,0,0.9752977125970467,0.0,0.0
25,0.0,2,1,0.9743224148844496,0.0,0.0068359375
26,-1.0,1,0,0.9733480924695651,0.0,0.0
27,-1.0,1,0,0.9723747443770956,0.0,0.0
28,-1.0,1,0,0.9714023696327185,0.0,0.0
29,-1.0,1,0,0.9704309672630859,0.0,0.0
30,-1.0,1,0,0.9694605362958227,0.0,0.0
31,-1.0,1,0,0.9684910757595269,0.0,0.0
32,-1.0,1,0,0.9675225846837673,0.0,0.0
33,0.0,2,1,0.9665550620990835,0.0,0.030517578125
34,0.0,2,1,0.9655885070369844,0.0,0.015869140625
35,-1.0,1,0,0.9646229185299474,0.0,0.0
36,-1.0,1,0,0.9636582956114175,0.0,0.0
37,-1.0,1,0,0.9626946373158061,0.0,0.0
38,-1.0,1,0,0.9617319426784903,0.0,0.0
39,-1.0,1,0,0.9607702107358118,0.0,0.0
40,-1.0,1,0,0.959809440525076,0.0,0.0
41,-1.0,1,0,0.9588496310845509,0.0,0.0
42,-1.0,1,0,0.9578907814534664,0.0,0.0
43,-1.0,1,0,0.9569328906720129,0.0,0.0
44,-1.0,1,0,0.9559759577813409,0.0,0.0
45,-1.0,1,0,0.9550199818235596,0.0,0.0
46,-1.0,1,0,0.9540649618417361,0.0,0.0
47,0.0,2,1,0.9531108968798944,0.0,0.0146484375
48,-1.0,1,0,0.9521577859830145,0.0,0.0
49,-1.0,1,0,0.9512056281970315,0.0,0.0
50,-1.0,1,0,0.9502544225688344,0.0,0.0
51,0.0,2,1,0.9493041681462656,0.0,0.037353515625
52,-1.0,1,0,0.9483548639781193,0.0,0.0
53,1.9355711340904236,4,3,0.9474065091141411,0.4948945790529251,0.025634765625
54,-1.0,1,0,0.946459102605027,0.49063751101493835,0.0
55,-1.0,1,0,0.9455126435024219,0.0,0.0
56,0.0,2,1,0.9445671308589195,0.4876585006713867,0.014404296875
57,-1.0,1,0,0.9436225637280606,0.48888498544692993,0.0
58,-1.0,1,0,0.9426789411643326,0.0,0.0
59,0.0,2,1,0.9417362622231683,0.48429274559020996,0.00244140625
60,-1.0,1,0,0.9407945259609451,0.48298704624176025,0.0
61,-1.0,1,0,0.9398537314349842,0.0,0.0
62,-1.0,1,0,0.9389138777035492,0.48317384719848633,0.0
63,-1.0,1,0,0.9379749638258457,0.0,0.0
64,-1.0,1,0,0.9370369888620198,0.47760745882987976,0.0
65,-1.0,1,0,0.9360999518731578,0.0,0.0
66,-1.0,1,0,0.9351638519212846,0.4734152555465698,0.0
67,-1.0,1,0,0.9342286880693633,0.0,0.0
68,-1.0,1,0,0.933294459381294,0.47093576192855835,0.0
69,-1.0,1,0,0.9323611649219127,0.0,0.0
70,-1.0,1,0,0.9314288037569908,0.4736739993095398,0.0
71,-1.0,1,0,0.9304973749532338,0.0,0.0
72,-1.0,1,0,0.9295668775782806,0.46900397539138794,0.0
73,0.0,2,1,0.9286373107007023,0.46531200408935547,0.006103515625
74,-1.0,1,0,0.9277086733900016,0.0,0.0
75,-1.0,1,0,0.9267809647166116,0.45906129479408264,0.0
76,-1.0,1,0,0.925854183751895,0.0,0.0
77,1.0,3,2,0.9249283295681431,0.46132872998714447,0.02880859375
78,0.0,2,1,0.9240034012385749,0.45372265577316284,0.0
79,-1.0,1,0,0.9230793978373364,0.0,0.0
80,-1.0,1,0,0.9221563184394991,0.4526207447052002,0.0
81,0.0,2,1,0.9212341621210596,0.44994229078292847,0.0068359375
82,-1.0,1,0,0.9203129279589385,0.0,0.0
83,0.0,2,1,0.9193926150309796,0.4512997567653656,0.00244140625
84,0.0,2,1,0.9184732224159486,0.4531744420528412,0.0
85,0.0,2,1,0.9175547491935327,0.45109856128692627,0.010986328125
86,-1.0,1,0,0.9166371944443392,0.44883596897125244,0.0
87,-1.0,1,0,0.9157205572498949,0.0,0.0
88,-1.0,1,0,0.914804836692645,0.44060230255126953,0.0
89,-1.0,1,0,0.9138900318559524,0.0,0.0
90,-1.0,1,0,0.9129761418240965,0.4454553723335266,0.0
91,-1.0,1,0,0.9120631656822724,0.0,0.0
92,-1.0,1,0,0.9111511025165902,0.44388389587402344,0.0
93,-1.0,1,0,0.9102399514140735,0.0,0.0
94,-1.0,1,0,0.9093297114626595,0.43882110714912415,0.0
95,-1.0,1,0,0.9084203817511969,0.0,0.0
96,0.0,2,1,0.9075119613694457,0.4354150593280792,0.0166015625
97,-1.0,1,0,0.9066044494080763,0.4366842210292816,0.0
98,-1.0,1,0,0.9056978449586682,0.0,0.0
99,-1.0,1,0,0.9047921471137096,0.43579214811325073,0.0
100,-1.0,1,0,0.9038873549665959,0.0,0.0
101,0.0,2,1,0.9029834676116293,0.43447405099868774,0.0
102,0.0,2,1,0.9020804841440176,0.42826923727989197,0.0
103,-1.0,1,0,0.9011784036598737,0.4229778051376343,0.0
104,-1.0,1,0,0.9002772252562138,0.0,0.0
105,-1.0,1,0,0.8993769480309576,0.4336061477661133,0.0
106,0.0,2,1,0.8984775710829266,0.4299030900001526,0.0078125
107,-1.0,1,0,0.8975790935118436,0.0,0.0
108,-1.0,1,0,0.8966815144183318,0.41810885071754456,0.0
109,-1.0,1,0,0.8957848329039134,0.0,0.0
110,-1.0,1,0,0.8948890480710096,0.41498932242393494,0.0
111,1.0,3,2,0.8939941590229386,0.4212534427642822,0.02197265625
112,-1.0,1,0,0.8931001648639156,0.4192107915878296,0.0
113,-1.0,1,0,0.8922070646990518,0.0,0.0
114,-1.0,1,0,0.8913148576343527,0.42135974764823914,0.0
115,-1.0,1,0,0.8904235427767183,0.0,0.0
116,1.0,3,2,0.8895331192339416,0.416964128613472,0.010986328125
117,-1.0,1,0,0.8886435861147077,0.0,0.0
118,-1.0,1,0,0.887754942528593,0.4189372956752777,0.0
119,0.0,2,1,0.8868671875860644,0.4109156131744385,0.003662109375
120,0.0,2,1,0.8859803203984784,0.4145980477333069,0.0078125
121,0.0,2,1,0.88509434007808,0.4165618121623993,0.01025390625
122,-1.0,1,0,0.8842092457380019,0.0,0.0
123,-1.0,1,0,0.8833250364922639,0.4147506356239319,0.0
124,-1.0,1,0,0.8824417114557717,0.0,0.0
125,-1.0,1,0,0.8815592697443159,0.417356938123703,0.0
126,-1.0,1,0,0.8806777104745716,0.0,0.0
127,-1.0,1,0,0.8797970327640969,0.4097188413143158,0.0
128,-1.0,1,0,0.8789172357313328,0.0,0.0
129,-1.0,1,0,0.8780383184956015,0.39946448802948,0.0
130,-1.0,1,0,0.8771602801771059,0.0,0.0
131,0.0,2,1,0.8762831198969288,0.4145408272743225,0.0
132,0.0,2,1,0.8754068367770318,0.40039604902267456,0.0
133,-1.0,1,0,0.8745314299402548,0.4056345224380493,0.0
134,1.0,3,2,0.8736568985103146,0.3878953456878662,0.02880859375
135,0.0,2,1,0.8727832416118043,0.38490909337997437,0.0
136,-1.0,1,0,0.8719104583701925,0.3954208493232727,0.0
137,-1.0,1,0,0.8710385479118223,0.0,0.0
138,2.0,4,3,0.8701675093639105,0.37961822748184204,0.01611328125
139,-1.0,1,0,0.8692973418545467,0.3765401542186737,0.0
140,-1.0,1,0,0.8684280445126921,0.0,0.0
141,0.0,2,1,0.8675596164681794,0.3763767182826996,0.012451171875
142,-1.0,1,0,0.8666920568517111,0.38144198060035706,0.0
143,0.0,2,1,0.8658253647948594,0.38036268949508667,0.0
144,-1.0,1,0,0.8649595394300645,0.0,0.0
145,-1.0,1,0,0.8640945798906344,0.3720751702785492,0.0
146,-1.0,1,0,0.8632304853107438,0.0,0.0
147,-1.0,1,0,0.862367254825433,0.3749820590019226,0.0
148,-1.0,1,0,0.8615048875706075,0.0,0.0
149,-1.0,1,0,0.8606433826830369,0.3651036024093628,0.0
150,-1.0,1,0,0.8597827393003539,0.0,0.0
151,-1.0,1,0,0.8589229565610536,0.3641583025455475,0.0
152,-1.0,1,0,0.8580640336044925,0.0,0.0
153,-1.0,1,0,0.857205969570888,0.36873912811279297,0.0
154,-1.0,1,0,0.8563487636013172,0.0,0.0
155,-1.0,1,0,0.8554924148377159,0.3634859025478363,0.0
156,-1.0,1,0,0.8546369224228781,0.0,0.0
157,-1.0,1,0,0.8537822855004553,0.37443628907203674,0.0
158,0.0,2,1,0.8529285032149548,0.38400840759277344,0.01611328125
159,-1.0,1,0,0.8520755747117399,0.0,0.0
160,-1.0,1,0,0.8512234991370281,0.36309105157852173,0.0
161,0.0,2,1,0.8503722756378911,0.3582019507884979,0.005126953125
162,0.0,2,1,0.8495219033622532,0.36028704047203064,0.0087890625
163,2.0,4,3,0.8486723814588909,0.37658853828907013,0.023681640625
164,-1.0,1,0,0.847823709077432,0.0,0.0
165,-1.0,1,0,0.8469758853683546,0.38567227125167847,0.0
166,-1.0,1,0,0.8461289094829862,0.0,0.0
167,-1.0,1,0,0.8452827805735033,0.3631816506385803,0.0
168,-1.0,1,0,0.8444374977929298,0.0,0.0
169,-1.0,1,0,0.8435930602951368,0.3384697735309601,0.0
170,0.0,2,1,0.8427494672348417,0.35159024596214294,0.00439453125
171,-1.0,1,0,0.8419067177676068,0.0,0.0
172,-1.0,1,0,0.8410648110498392,0.36422455310821533,0.0
173,-1.0,1,0,0.8402237462387894,0.0,0.0
174,-1.0,1,0,0.8393835224925505,0.3518332540988922,0.0
175,-1.0,1,0,0.838544138970058,0.0,0.0
176,-1.0,1,0,0.8377055948310879,0.34643304347991943,0.0
177,-1.0,1,0,0.8368678892362568,0.0,0.0
178,0.0,2,1,0.8360310213470206,0.3425918221473694,0.001953125
179,0.0,2,1,0.8351949903256736,0.3519573211669922,0.03271484375
180,0.0,2,1,0.8343597953353479,0.3429643511772156,0.002685546875
181,0.0,2,1,0.8335254355400126,0.32842209935188293,0.0
182,-1.0,1,0,0.8326919101044725,0.3310198187828064,0.0
183,-1.0,1,0,0.831859218194368,0.0,0.0
184,-1.0,1,0,0.8310273589761736,0.33469194173812866,0.0
185,-1.0,1,0,0.8301963316171974,0.0,0.0
186,-1.0,1,0,0.8293661352855802,0.3319288492202759,0.0
187,1.0,3,2,0.8285367691502946,0.32684534788131714,0.0380859375
188,0.0,2,1,0.8277082323811443,0.3266869783401489,0.07763671875
189,0.0,2,1,0.8268805241487632,0.3145078122615814,0.0
190,-1.0,1,0,0.8260536436246144,0.3397550880908966,0.0
191,-1.0,1,0,0.8252275899809898,0.0,0.0
192,-1.0,1,0,0.8244023623910088,0.3302450478076935,0.0
193,-1.0,1,0,0.8235779600286178,0.0,0.0
194,-1.0,1,0,0.8227543820685892,0.3246798813343048,0.0
195,-1.0,1,0,0.8219316276865206,0.0,0.0
196,0.0,2,1,0.8211096960588341,0.3219139575958252,0.009033203125
197,-1.0,1,0,0.8202885863627752,0.3186599910259247,0.0
198,0.0,2,1,0.8194682977764125,0.3254993259906769,0.004150390625
199,-1.0,1,0,0.818648829478636,0.0,0.0
200,0.0,2,1,0.8178301806491574,0.3250293731689453,0.005615234375
201,-1.0,1,0,0.8170123504685082,0.32348087430000305,0.0
202,-1.0,1,0,0.8161953381180397,0.0,0.0
203,-1.0,1,0,0.8153791427799216,0.33039066195487976,0.0
204,-1.0,1,0,0.8145637636371417,0.0,0.0
205,-1.0,1,0,0.8137491998735046,0.300531804561615,0.0
206,-1.0,1,0,0.812935450673631,0.0,0.0
207,0.0,2,1,0.8121225152229574,0.30673471093177795,0.02001953125
208,0.0,2,1,0.8113103927077344,0.2962696850299835,0.00244140625
209,-1.0,1,0,0.8104990823150267,0.2993769645690918,0.0
210,1.0,3,2,0.8096885832327116,0.30814722180366516,0.011962890625
211,0.0,2,1,0.8088788946494789,0.3070972263813019,0.028076171875
212,-1.0,1,0,0.8080700157548294,0.2916220724582672,0.0
213,-1.0,1,0,0.8072619457390746,0.0,0.0
214,-1.0,1,0,0.8064546837933355,0.30815479159355164,0.0
215,-1.0,1,0,0.8056482291095421,0.0,0.0
216,-1.0,1,0,0.8048425808804326,0.3049364686012268,0.0
217,-1.0,1,0,0.8040377382995522,0.0,0.0
218,-1.0,1,0,0.8032337005612527,0.2923777401447296,0.0
219,1.0,3,2,0.8024304668606914,0.29188773036003113,0.01513671875
220,0.0,2,1,0.8016280363938307,0.2879841923713684,0.002197265625
221,0.0,2,1,0.8008264083574369,0.2945018410682678,0.015380859375
222,-1.0,1,0,0.8000255819490795,0.2810651361942291,0.0
223,-1.0,1,0,0.7992255563671304,0.0,0.0
224,0.0,2,1,0.7984263308107633,0.2882586121559143,0.01025390625
225,-1.0,1,0,0.7976279044799526,0.2846188545227051,0.0
226,-1.0,1,0,0.7968302765754727,0.0,0.0
227,-1.0,1,0,0.7960334462988972,0.2642597258090973,0.0
228,-1.0,1,0,0.7952374128525983,0.0,0.0
229,0.0,2,1,0.7944421754397457,0.2926393449306488,0.000244140625
230,1.0,3,2,0.7936477332643059,0.2951449304819107,0.014404296875
231,-1.0,1,0,0.7928540855310416,0.0,0.0
232,-1.0,1,0,0.7920612314455105,0.28236210346221924,0.0
233,0.0,2,1,0.7912691702140651,0.27267950773239136,0.006103515625
234,0.0,2,1,0.790477901043851,0.26716235280036926,0.023681640625
235,-1.0,1,0,0.7896874231428072,0.0,0.0
236,-1.0,1,0,0.7888977357196644,0.26986968517303467,0.0
237,3.9891738295555115,6,5,0.7881088379839447,0.2688250144322713,0.03466796875
238,-1.0,1,0,0.7873207291459607,0.0,0.0
239,-1.0,1,0,0.7865334084168147,0.2635168731212616,0.0
240,1.0,3,2,0.7857468750083979,0.278082013130188,0.0
241,-1.0,1,0,0.7849611281333895,0.25871190428733826,0.0
242,-1.0,1,0,0.784176167005256,0.0,0.0
243,-1.0,1,0,0.7833919908382508,0.23877683281898499,0.0
244,1.0,3,2,0.7826085988474126,0.2689756453037262,0.01025390625
245,2.9852641224861145,5,4,0.7818259902485653,0.23281049728393555,0.0166015625
246,-1.0,1,0,0.7810441642583167,0.0,0.0
247,1.0,3,2,0.7802631200940584,0.2474256232380867,0.0048828125
248,0.0,2,1,0.7794828569739644,0.23855085670948029,0.029052734375
249,0.0,2,1,0.7787033741169904,0.24931539595127106,0.0
250,2.0,4,3,0.7779246707428734,0.24313247203826904,0.050048828125
251,-1.0,1,0,0.7771467460721305,0.0,0.0
252,-1.0,1,0,0.7763695993260584,0.2778559625148773,0.0
253,-1.0,1,0,0.7755932297267324,0.0,0.0
254,-1.0,1,0,0.7748176364970056,0.25801998376846313,0.0
255,1.0,3,2,0.7740428188605086,0.2616479992866516,0.037109375
256,-1.0,1,0,0.7732687760416481,0.24385687708854675,0.0
257,-1.0,1,0,0.7724955072656065,0.0,0.0
258,0.0,2,1,0.7717230117583408,0.2619273364543915,0.01904296875
259,1.0,3,2,0.7709512887465825,0.23466765880584717,0.0
260,-1.0,1,0,0.7701803374578359,0.0,0.0
261,-1.0,1,0,0.7694101571203781,0.24927064776420593,0.0
262,-1.0,1,0,0.7686407469632577,0.0,0.0
263,-1.0,1,0,0.7678721062162944,0.2444760501384735,0.0
264,-1.0,1,0,0.7671042341100781,0.0,0.0
265,0.0,2,1,0.766337129875968,0.2098057121038437,0.01611328125
266,-1.0,1,0,0.7655707927460921,0.22419534623622894,0.0
267,1.0,3,2,0.764805221953346,0.2223070114850998,0.0419921875
268,-1.0,1,0,0.7640404167313927,0.20132900774478912,0.0
269,0.0,2,1,0.7632763763146613,0.20356012880802155,0.0
270,3.968600571155548,6,5,0.7625130999383466,0.2065658619006475,0.03076171875
271,0.0,2,1,0.7617505868384082,0.19933289289474487,0.00390625
272,0.0,2,1,0.7609888362515699,0.22684438526630402,0.0
273,-1.0,1,0,0.7602278474153183,0.0,0.0
274,1.0,3,2,0.759467619567903,0.22051483392715454,0.015869140625
275,0.0,2,1,0.7587081519483351,0.20556487143039703,0.006591796875
276,0.0,2,1,0.7579494437963867,0.2095194160938263,0.0
277,6.692555129528046,9,8,0.7571914943525904,0.22766026854515076,0.02392578125
278,0.0,2,1,0.7564343028582378,0.1932707130908966,0.017822265625
279,-1.0,1,0,0.7556778685553796,0.2800840735435486,0.0
280,-1.0,1,0,0.7549221906868242,0.0,0.0
281,-1.0,1,0,0.7541672684961374,0.20224416255950928,0.0
282,0.0,2,1,0.7534131012276413,0.21692484617233276,0.00830078125
283,1.0,3,2,0.7526596881264136,0.2036513388156891,0.00048828125
284,-1.0,1,0,0.7519070284382872,0.20723789930343628,0.0
285,-1.0,1,0,0.7511551214098489,0.0,0.0
286,-1.0,1,0,0.750403966288439,0.1881668120622635,0.0
287,-1.0,1,0,0.7496535623221505,0.0,0.0
288,-1.0,1,0,0.7489039087598284,0.22453604638576508,0.0
289,1.0,3,2,0.7481550048510686,0.17783895134925842,0.029052734375
290,-1.0,1,0,0.7474068498462175,0.19067877531051636,0.0
291,0.0,2,1,0.7466594429963713,0.20005448162555695,0.052001953125
292,-1.0,1,0,0.745912783553375,0.0,0.0
293,-1.0,1,0,0.7451668707698216,0.2190997153520584,0.0
294,3.0,5,4,0.7444217038990517,0.1625213846564293,0.02392578125
295,-1.0,1,0,0.7436772821951526,0.17190755903720856,0.0
296,-1.0,1,0,0.7429336049129575,0.0,0.0
297,1.0,3,2,0.7421906713080445,0.19119908660650253,0.001953125
298,-1.0,1,0,0.7414484806367364,0.0,0.0
299,-1.0,1,0,0.7407070321560997,0.16902820765972137,0.0
